algorithm_id,definition_available,pseudocode_or_spec,reference_code,independent_code,parameters_reported,seeds_reported,benchmark_version_reported,environment_reported,rerun_status,notes
DE,,,,,,,,,,pending audit
CMAES,,,,,,,,,,pending audit
PSO,,,,,,,,,,pending audit
GA,,,,,,,,,,pending audit
BO,,,,,,,,,,pending audit
NSGA2,,,,,,,,,,pending audit
MOEAD,,,,,,,,,,pending audit
NSGA3,,,,,,,,,,pending audit
NM,,,,,,,,,,pending audit
BFGS,,,,,,,,,,pending audit
LBFGS,,,,,,,,,,pending audit
SA,,,,,,,,,,pending audit
ACO,,,,,,,,,,pending audit
