source_id,year,algorithm_id,source_role,title,authors,venue,doi,evidence_note,status
SRC-DE-001,1997,DE,canonical,"Differential Evolution - A Simple and Efficient Heuristic for Global Optimization over Continuous Spaces","Rainer Storn; Kenneth Price","Journal of Global Optimization","10.1023/A:1008202821328","Canonical DE; continuous-space stochastic global optimization; few control variables.",verified
SRC-JADE-001,2009,JADE,canonical,"JADE: Adaptive Differential Evolution With Optional External Archive","Jingqiao Zhang; Arthur C. Sanderson","IEEE Transactions on Evolutionary Computation","10.1109/TEVC.2009.2014613","current-to-pbest; optional archive; adaptive F and CR; fixed settings not suitable across problems/stages.",verified
SRC-SHADE-001,2013,SHADE,canonical,"Success-history based parameter adaptation for Differential Evolution","Ryoji Tanabe; Alex Fukunaga","IEEE Congress on Evolutionary Computation","10.1109/CEC.2013.6557555","Historical memory of successful control parameter settings.",verified
SRC-LSHADE-001,2014,LSHADE,canonical,"Improving the Search Performance of SHADE Using Linear Population Size Reduction","Ryoji Tanabe; Alex S. Fukunaga","IEEE Congress on Evolutionary Computation","10.1109/CEC.2014.6900380","Adds linear population-size reduction to SHADE.",verified
SRC-CMA-001,2001,CMAES,canonical,"Completely Derandomized Self-Adaptation in Evolution Strategies","Nikolaus Hansen; Andreas Ostermeier","Evolutionary Computation","10.1162/106365601750190398","Covariance adaptation, derandomization and cumulation/evolution paths.",verified
SRC-DE-GAP-001,2019,SHADE,negative-evidence,"Distance based parameter adaptation for Success-History based Differential Evolution",,"Swarm and Evolutionary Computation","10.1016/j.swevo.2018.10.013","Reports premature convergence concern in higher dimensions and proposes distance-based adaptation.",verified
SRC-DE-REV-001,2026,LSHADE,review,"Experimental survey of L-SHADE and SHADE-based adaptive differential evolution algorithms",,"Swarm and Evolutionary Computation",,"Documents extensive SHADE/L-SHADE lineage and proliferation of adaptive DE variants.",verified
SRC-DE-GAP-002,2026,SHADE,negative-evidence,"An adaptive exploration-exploitation framework for success history based differential evolution",,"Applied Soft Computing",,"Reports multimodal exploration-exploitation limitations in conventional SHADE-family parameter adaptation.",verified
SRC-BO-001,2012,BO,representative,"Practical Bayesian Optimization of Machine Learning Algorithms","Jasper Snoek; Hugo Larochelle; Ryan P. Adams","NeurIPS",,"Shows importance of GP prior/kernel/hyperparameter choices and cost-aware/parallel BO.",verified
