census_id,canonical_name,abbreviation,lane,role,year,status,mechanism_cluster,canonical_source_id,notes
C001,Nelder-Mead,NM,C,FOUNDATION,1965,seeded,simplex_direct_search,,
C002,BFGS,BFGS,B,FOUNDATION,1970,seeded,quasi_newton,,
C003,L-BFGS,LBFGS,B,CANONICAL,1989,seeded,limited_memory_quasi_newton,,
C004,Simulated Annealing,SA,A,FOUNDATION,1983,seeded,temperature_acceptance,,
C005,Genetic Algorithm,GA,D,FOUNDATION,1975,seeded,selection_recombination_mutation,,
C006,Evolution Strategies,ES,D,FOUNDATION,1960s,seeded,evolution_strategy,,
C007,CMA-ES,CMAES,D,CANONICAL,1996,seeded,covariance_adaptation,,
C008,Differential Evolution,DE,E,FOUNDATION,1997,seeded,differential_variation,,
C009,JADE,JADE,E,MAJOR_VARIANT,2009,seeded,adaptive_differential_evolution,,
C010,SHADE,SHADE,E,MAJOR_VARIANT,2013,seeded,success_history_de,,
C011,L-SHADE,LSHADE,E,MAJOR_VARIANT,2014,seeded,success_history_population_reduction,,
C012,Particle Swarm Optimization,PSO,F,FOUNDATION,1995,seeded,social_velocity_search,,
C013,Ant Colony Optimization,ACO,F,FOUNDATION,1990s,seeded,pheromone_constructive_search,,
C014,Artificial Bee Colony,ABC,F,CANONICAL,2005,seeded,food_source_swarm,,
C015,Grey Wolf Optimizer,GWO,G,REDUNDANCY_AUDIT,2014,seeded,leader_encircling_metaheuristic,,
C016,Estimation of Distribution Algorithms,EDA,H,CANONICAL,1990s,seeded,probabilistic_population_model,,
C017,Cross-Entropy Method,CEM,H,CANONICAL,1997,seeded,elite_distribution_update,,
C018,Bayesian Optimization,BO,I,FOUNDATION,1990s,seeded,surrogate_acquisition,,
C019,DIRECT,DIRECT,C,CANONICAL,1993,seeded,deterministic_partition_search,,
C020,COBYLA,COBYLA,C,CANONICAL,1994,seeded,linear_approximation_trust_region,,
C021,NSGA-II,NSGA2,J,FOUNDATION,2002,seeded,nondominated_sorting_crowding,,
C022,SPEA2,SPEA2,J,CANONICAL,2001,seeded,strength_pareto_archive,,
C023,MOEA/D,MOEAD,J,CANONICAL,2007,seeded,decomposition_multiobjective,,
C024,NSGA-III,NSGA3,J,MAJOR_VARIANT,2014,seeded,reference_direction_nondominated,,
C025,MO-CMA-ES,MOCMAES,J,SPECIALIST,2000s,seeded,multiobjective_covariance_adaptation,,
C026,Constrained Differential Evolution,CDE,K,SPECIALIST,2000s,seeded,constrained_differential_evolution,,
C027,Dynamic Optimization Methods,DYNOPT,M,CATALOG_ONLY,,seeded,dynamic_family,,
C028,Mixed-Variable Optimization Methods,MIXOPT,N,CATALOG_ONLY,,seeded,mixed_variable_family,,
C029,Meta-Black-Box Optimization,MetaBBO,Q,EMERGING,2020s,seeded,learned_black_box_optimizer,,
C030,Learning to Optimize,L2O,Q,EMERGING,2010s,seeded,learned_optimizer,,
C031,Gradient Descent,GD,B,FOUNDATION,1847,seeded,first_order_gradient,,
C032,Stochastic Gradient Descent,SGD,B,FOUNDATION,1950s,seeded,stochastic_first_order,,
C033,Heavy-ball Momentum,HB,B,FOUNDATION,1964,seeded,momentum_gradient,,
C034,Nesterov Accelerated Gradient,NAG,B,CANONICAL,1983,seeded,accelerated_gradient,,
C035,Adam,Adam,B,CANONICAL,2014,seeded,adaptive_moment_gradient,,
C036,Newton Method,Newton,B,FOUNDATION,,seeded,second_order_curvature,,
C037,Trust-Region Methods,TR,C,FOUNDATION,,seeded,trust_region_model,,
C038,Pattern Search,PS,C,CANONICAL,,seeded,direct_pattern_search,,
C039,CMA-ES with Restarts,CMAES-R,D,MAJOR_VARIANT,,seeded,restart_covariance_adaptation,,
C040,Natural Evolution Strategies,NES,D,CANONICAL,2008,seeded,natural_gradient_distribution_search,,
C041,Differential Evolution rand/1/bin,DE-RAND,E,CANONICAL,1997,seeded,differential_variation,,
C042,jDE,jDE,E,MAJOR_VARIANT,2006,seeded,self_adaptive_de,,
C043,SaDE,SaDE,E,MAJOR_VARIANT,2009,seeded,strategy_adaptive_de,,
C044,CoDE,CoDE,E,MAJOR_VARIANT,2011,seeded,composite_de,,
C045,EPSDE,EPSDE,E,MAJOR_VARIANT,2011,seeded,ensemble_de,,
C046,CLPSO,CLPSO,F,MAJOR_VARIANT,2006,seeded,comprehensive_learning_pso,,
C047,Comprehensive Learning PSO family,CLPSO-F,F,CATALOG_ONLY,,seeded,pso_learning_variants,,
C048,Firefly Algorithm,FA,G,REDUNDANCY_AUDIT,2008,seeded,attraction_random_walk,,
C049,Bat Algorithm,BA,G,REDUNDANCY_AUDIT,2010,seeded,frequency_velocity_metaheuristic,,
C050,Whale Optimization Algorithm,WOA,G,REDUNDANCY_AUDIT,2016,seeded,leader_encircling_metaheuristic,,
C051,Harris Hawks Optimization,HHO,G,REDUNDANCY_AUDIT,2019,seeded,leader_phase_metaheuristic,,
C052,Sine Cosine Algorithm,SCA,G,REDUNDANCY_AUDIT,2016,seeded,trigonometric_leader_search,,
C053,Teaching-Learning-Based Optimization,TLBO,G,REDUNDANCY_AUDIT,2011,seeded,population_difference_learning,,
C054,Jaya,Jaya,G,REDUNDANCY_AUDIT,2016,seeded,best_worst_difference_search,,
C055,Cuckoo Search,CS,G,REDUNDANCY_AUDIT,2009,seeded,levy_population_search,,
C056,Harmony Search,HS,G,REDUNDANCY_AUDIT,2001,seeded,memory_pitch_random_search,,
C057,Gaussian-Process Bayesian Optimization,GPBO,I,CANONICAL,,seeded,gp_surrogate_acquisition,,
C058,Tree-structured Parzen Estimator,TPE,I,CANONICAL,2011,seeded,density_ratio_surrogate,,
C059,SMAC,SMAC,I,CANONICAL,2011,seeded,random_forest_surrogate,,
C060,Trust Region Bayesian Optimization,TuRBO,I,MAJOR_VARIANT,2019,seeded,local_trust_region_bo,,
C061,Random Search,RS,A,FOUNDATION,,seeded,uninformed_random_sampling,,
C062,Cross-validation Algorithm Selection,ALGSEL,Q,CATALOG_ONLY,,seeded,algorithm_selection_family,,
C063,SPEA,SPEA,J,FOUNDATION,1999,seeded,strength_pareto,,
C064,PAES,PAES,J,CANONICAL,2000,seeded,pareto_archived_local_search,,
C065,IBEA,IBEA,J,CANONICAL,2004,seeded,indicator_based_multiobjective,,
C066,SMS-EMOA,SMS-EMOA,J,CANONICAL,2007,seeded,hypervolume_selection,,
C067,RVEA,RVEA,J,CANONICAL,2016,seeded,reference_vector_many_objective,,
C068,AGE-MOEA,AGE-MOEA,J,EMERGING,2020,seeded,geometry_estimation_many_objective,,
C069,Penalty Methods,PENALTY,K,FOUNDATION,,seeded,penalty_constraint_handling,,
C070,Augmented Lagrangian,AL,K,FOUNDATION,,seeded,lagrangian_constraint_handling,,
C071,Feasibility Rules,FR,K,CANONICAL,,seeded,feasibility_dominance,,
C072,Chance-Constrained Optimization,CCO,L,CANONICAL,,seeded,probabilistic_constraint,,
C073,Robust Optimization,RO,L,FOUNDATION,,seeded,uncertainty_set_optimization,,
C074,Sample Average Approximation,SAA,L,CANONICAL,,seeded,scenario_average_stochastic,,
C075,Online Gradient Descent,OGD,M,CANONICAL,2003,seeded,online_first_order,,
C076,Dynamic Evolutionary Algorithms,DEA,M,CATALOG_ONLY,,seeded,dynamic_population_search,,
C077,Branch and Bound,BnB,N,FOUNDATION,,seeded,combinatorial_tree_search,,
C078,Genetic Programming,GP,D,CANONICAL,1992,seeded,program_evolution,,
C079,Variable Neighborhood Search,VNS,N,CANONICAL,1997,seeded,neighborhood_change_search,,
C080,Tabu Search,TS,N,FOUNDATION,1986,seeded,memory_guided_local_search,,
C081,Bilevel Evolutionary Optimization,BLEA,O,CATALOG_ONLY,,seeded,bilevel_population_family,,
C082,Hypergradient Bilevel Optimization,HBO,O,CANONICAL,,seeded,bilevel_gradient,,
C083,Coordinate Descent,CD,B,CANONICAL,,seeded,coordinate_first_order,,
C084,Proximal Gradient,PG,B,CANONICAL,,seeded,proximal_composite_gradient,,
C085,ADMM,ADMM,B,CANONICAL,1970s,seeded,operator_splitting,,
C086,Covariance Matrix Adaptation family,CMA-F,D,CATALOG_ONLY,,seeded,covariance_adaptation_family,,
C087,Surrogate-Assisted Evolutionary Optimization,SAEO,I,CATALOG_ONLY,,seeded,surrogate_evolutionary_family,,
C088,Multi-fidelity Bayesian Optimization,MFBO,I,SPECIALIST,,seeded,multifidelity_surrogate,,
C089,Hyperband,Hyperband,I,CANONICAL,2017,seeded,resource_allocation_hpo,,
C090,BOHB,BOHB,I,MAJOR_VARIANT,2018,seeded,bo_plus_hyperband,,
