field_id,field,allowed_or_example,scientific_role
M01,state_type,"single;population;distribution;surrogate;archive;tree","what evolves"
M02,information_source,"objective;gradient;hessian;rank;pairwise_difference;personal_best;global_best;posterior","information consumed"
M03,proposal_geometry,"coordinate;simplex;difference;velocity;covariance;trust_region;kernel;neighborhood","search geometry"
M04,memory,"none;short_history;archive;elite;trajectory;posterior;tabu","persistent state"
M05,adaptation,"none;deterministic_schedule;success_based;self_adaptive;model_based;learned","how behavior changes"
M06,selection,"greedy;rank;elitist;probabilistic;pareto;indicator;acquisition","acceptance/replacement"
M07,diversity_control,"none;mutation;restart;niching;archive;repulsion;uncertainty","collapse prevention"
M08,constraint_handling,"none;penalty;repair;feasibility;lagrangian;projection;native","feasibility mechanism"
M09,variable_scope,"continuous;discrete;mixed;permutation;program","representation"
M10,objective_scope,"single;multi;many;bilevel;online;robust","problem scope"
M11,derivative_order,"0;1;2;mixed","oracle requirement"
M12,model_type,"none;local_linear;quadratic;covariance;GP;RF;density;neural","learned/approximated structure"
M13,parallelism,"serial;population_parallel;batch;asynchronous","execution property"
M14,dominant_overhead,"objective;sorting;covariance;surrogate_fit;acquisition;linear_algebra;tree_search","cost source"
M15,primary_failure_signal,"stagnation;diversity_collapse;curvature_failure;model_misspecification;overhead_crossover;constraint_stall","failure diagnostic"
