queue_id,census_id,priority,source_needed,status
Q001,C031,high,canonical,queued
Q002,C032,high,canonical,queued
Q003,C034,high,canonical,queued
Q004,C035,high,canonical,queued
Q005,C040,medium,canonical,queued
Q006,C042,very_high,canonical,queued
Q007,C043,very_high,canonical,queued
Q008,C044,very_high,canonical,queued
Q009,C045,very_high,canonical,queued
Q010,C046,high,canonical,queued
Q011,C048,high,canonical,queued
Q012,C049,high,canonical,queued
Q013,C050,high,canonical,queued
Q014,C051,high,canonical,queued
Q015,C052,high,canonical,queued
Q016,C053,high,canonical,queued
Q017,C054,high,canonical,queued
Q018,C055,high,canonical,queued
Q019,C056,high,canonical,queued
Q020,C060,very_high,canonical,queued
Q021,C066,high,canonical,queued
Q022,C067,high,canonical,queued
Q023,C068,high,canonical,queued
Q024,C089,medium,canonical,queued
Q025,C090,medium,canonical,queued
