layer,required_artifact,completion_rule,current_state
closest_prior_reviews,evidence/closest_review_matrix.csv,"all closest reviews verified and dimensions populated",in_progress
algorithm_registry,evidence/algorithms.csv,"declared scope has canonical IDs and family coverage",in_progress
primary_sources,evidence/sources.csv,"canonical algorithms link to verified primary sources",in_progress
mechanism_DNA,evidence/mechanism_matrix.csv,"canonical representatives have normalized mechanism fields",in_progress
benchmark_properties,benchmarks/problem_property_schema.csv,"selected suites/functions mapped to declared properties",in_progress
evidence_cells,evidence/status_matrix.csv,"priority algorithm-condition cells assigned audited status",in_progress
counterevidence,evidence/claims.csv,"negative and contradictory evidence explicitly retained",in_progress
reproducibility,evidence/reproducibility.csv,"priority algorithms have reproducibility status",not_started
structural_similarity,artifacts/networks/,"DNA-distance analysis generated and validated",not_started
failure_frontiers,artifacts/gap_maps/,"selected G3+ gaps tested under controlled stress",not_started
resolving_experiments,experiments/predeclared_tests.csv,"priority unresolved cells link to predeclared tests",in_progress
researcher_cards,artifacts/algorithm_cards/,"canonical representatives have decision cards",not_started
references,evidence/reference_audit.csv,"all final references metadata-verified",not_started
paper,publication/manuscript/,"begins only after evidence freeze",blocked
