table_id,title,purpose,source,status
T1,Closest-review differentiation matrix,"establish defensible review novelty","evidence/closest_review_matrix.csv",planned
T2,Review protocol and evidence ontology,"make search extraction and status assignment auditable","protocols + search ledger",planned
T3,Optimization mechanism taxonomy,"replace metaphor taxonomy with computational mechanisms","algorithm registry + DNA",planned
T4,Canonical algorithm lineage,"show origin ancestry and major mechanism changes","sources + timeline",planned
T5,Algorithm DNA/operator matrix,"support structural comparison and comparator selection","mechanism_matrix",planned
T6,Benchmark suite property matrix,"show what each benchmark actually stresses","benchmark registry",planned
T7,Algorithm-condition evidence status,"distinguish documented partial contradictory untested validated","evidence cells",planned
T8,Theory and guarantee matrix,"separate theoretical guarantees assumptions and counterexamples","algorithm cards + primary sources",planned
T9,Documented failure and counterevidence,"prevent one-sided strengths-only review","claims + evidence cells",planned
T10,Reproducibility matrix,"source code specification rerun independent reproduction","reproducibility ledger",planned
T11,Comparator selection guide,"tell researchers what roles to compare against","comparator rules + similarity",planned
T12,Validated gaps and resolving experiments,"convert future work into testable research program","gap registry + predeclared tests",planned
T13,Failure-frontier summary,"report project-generated capability boundaries","benchmark outputs",future
T14,Gap-repair ablation,"only if a new mechanism is scientifically justified","future experiments",conditional
