figure_id,title,research_question,data_source,status
F1,Optimization Mechanism River,"How did computational search mechanisms evolve?","timeline + lineage",planned
F2,Algorithm DNA Map,"Which named algorithms are mechanistically near or distinct?","mechanism matrix",planned
F3,Evidence Constellation,"Where is evidence documented partial contradictory or absent?","evidence cells",planned
F4,Benchmark Blind-Spot Map,"Which problem properties are underrepresented in evaluations?","benchmark registry + claims",planned
F5,Structural Similarity Network,"Which algorithms may be redundant despite different names?","DNA distance",planned
F6,Reproducibility Ladder,"How reproducible is evidence for each major method?","reproducibility ledger",planned
F7,Failure-Frontier Atlas,"Where do mechanisms cross from reliable to unreliable under controlled stress?","project experiments",future
F8,Research Frontier Map,"Which unresolved cells matter and what resolves them?","gap registry + tests",planned
F9,Researcher Navigation Map,"How should a researcher move from problem properties to evidence comparator and gap?","decision cards",planned
