artifact_path,git_blob_sha,role
publication/PAPER_REMAINING_GATES.csv,25af3a4b4b23141876ba1e4c20b3223ca75c39ee,P031_EVIDENCE_FREEZE
evidence/sources.csv,0cbb9ecb04ba703f2a9f360a3d8c7b0a954a6c2b,P031_EVIDENCE_FREEZE
evidence/mechanism_fingerprints.csv,7558fcc37e6a6d0353cb3244ed897d16e1e6f3c5,P031_EVIDENCE_FREEZE
experiments/execution_freeze.csv,650a560e6870bfdaaa047e411ee87d011359bb3f,P031_EVIDENCE_FREEZE
experiments/R10_COMPLETION.md,60edb869ae1056ea043d08f8915edf4fe0a1aaf8,P031_EVIDENCE_FREEZE
experiments/R11_INTERPRETATION.md,09ad9338e143ebd1ae0a674f8a8c9b00231d8a99,P031_EVIDENCE_FREEZE
experiments/R12_DECISION.md,e56f9588f77858b3a64ebf5326ccca8597011bc8,P031_EVIDENCE_FREEZE
evidence/R13_COMPLETION.md,b50291331d9c39e48e9f16a2dd821fb7f438e7a5,P031_EVIDENCE_FREEZE
experiments/PUBLICATION_STATISTICAL_FREEZE.md,bd990cac72515f75dabdf4b1766b2f3bec907a71,P031_EVIDENCE_FREEZE
experiments/BBOB_TARGET_PROTOCOL.md,b094cd10902db4829b07a120b716ae650e12b63e,P031_EVIDENCE_FREEZE
experiments/bbob_targets.csv,0e33a58cc56b630ed14b58d8e9219feb8322122c,P031_EVIDENCE_FREEZE
experiments/COCO_TARGET_AUTHORITY.md,96d0a51d650f03c8a82911f17ebfaa232cb41aba,P031_EVIDENCE_FREEZE
publication/R15_FINAL_REPLAY_GATE.md,bf94cfa5cab4219745ed98cfcb54909b3990907b,P031_EVIDENCE_FREEZE
publication/TEVC_WRITING_STANDARD.md,f3f04359d2349b18c3e73b9c0de40e285a08b31a,P031_EVIDENCE_FREEZE
publication/LATEX_TEMPLATE_POLICY.md,7aab381b737980e34de1ce913f7c4f7f322ad348,P031_EVIDENCE_FREEZE
publication/JOURNAL_DECISION_GATE.md,64688a910aebecebf75aa315362ec5e4bc63244c,P031_EVIDENCE_FREEZE
