section,target_words,main_purpose
Introduction,1200,"motivation problem novelty boundary contributions"
Methodology,1800,"search screening extraction ontology quality control"
Mechanisms_and_genealogy,2200,"definitions taxonomy ancestry"
Cross_paradigm_atlas,2600,"high-level synthesis of major mechanism families"
Structural_similarity,1200,"DNA analysis and robustness"
Benchmark_coverage,1200,"benchmark ecosystems and blind spots"
Evidence_atlas,2500,"condition-level synthesis"
Theory_and_guarantees,1200,"formal results assumptions counterexamples"
Reproducibility,1000,"credibility audit"
Failure_frontiers,1400,"controlled project evidence"
Validated_gaps_and_remedies,1200,"G0-G5 and remedy tests"
Researcher_framework,900,"decision/navigation framework"
Research_frontier,800,"resolving experiments and open questions"
Limitations,700,"threats to validity"
Conclusions,500,"evidence-supported synthesis"
TOTAL_TARGET,20200,"planning target; compress during final journal formatting"
