id,workstream,task,deliverable,depends_on,acceptance_test,priority,state
P001,scope,"Freeze review questions and cross-paradigm inclusion boundary","protocol/REVIEW_PROTOCOL.md",,"all RQs map to evidence fields and final sections",critical,in_progress
P002,prior_art,"Complete closest-review search through evidence-freeze date","evidence/closest_review_matrix.csv",P001,"primary adjacent reviews verified; no novelty dimension based on memory",critical,in_progress
P003,census,"Expand optimization identity census to declared coverage targets","census/master_census.csv",P001,"all lanes meet target or documented exclusion rationale",critical,in_progress
P004,sources,"Verify canonical source for every FOUNDATION/CANONICAL/MAJOR_VARIANT identity","evidence/sources.csv",P003,"bibliographic metadata and DOI/identifier verified",critical,in_progress
P005,dna,"Encode normalized mechanism fingerprints","evidence/mechanism_fingerprints.csv",P003,"all deep-scope representatives encoded with no missing mandatory fields",critical,not_started
P006,similarity,"Compute mechanism similarity and cluster stability","artifacts/networks/mechanism_similarity.*",P005,"distance choice justified; sensitivity/cluster stability reported",critical,not_started
P007,lineage,"Build mechanism ancestry/genealogy graph","artifacts/networks/mechanism_genealogy.*","P004;P005","edges source-traceable and distinguish inheritance from analogy",high,not_started
P008,benchmarks,"Audit benchmark suites and problem properties","evidence/benchmark_suites.csv",P001,"suite versions properties dimensions licensing/access documented",critical,in_progress
P009,claims,"Extract condition-level empirical/theoretical claims","evidence/claims.csv","P004;P008","claim links source conditions metric and scope",critical,in_progress
P010,counterevidence,"Mine negative contradictory and null evidence","evidence/claims.csv",P009,"priority algorithms include explicit counterevidence search",critical,not_started
P011,status_cells,"Populate algorithm × condition × evidence cells","evidence/evidence_cells.csv","P009;P010","priority cells use ontology with confidence and sources",critical,not_started
P012,reproducibility,"Audit code specification parameters seeds and rerun status","evidence/reproducibility.csv",P004,"priority methods assigned reproducibility state with evidence",critical,not_started
P013,bias,"Integrate structural-bias evidence without duplicating prior review","evidence/structural_bias.csv","P004;P009","status is source-traceable and scope-limited",high,not_started
P014,statistics,"Freeze fair-comparison and statistical-analysis protocol","protocol/STATISTICAL_PROTOCOL.md",P008,"effect sizes uncertainty multiplicity and rank limitations specified",critical,not_started
P015,experiment_design,"Finalize staged experiment matrix and compute budget","experiments/experiment_manifest.csv","P011;P014","every run answers a declared gap; no leaderboard-only experiments",critical,not_started
P016,implementations,"Pin/reference implementations and environments","experiments/implementations.csv",P015,"versions hashes parameter policies and boundary handling recorded",critical,not_started
P017,calibration,"Run calibration and pipeline validation","artifacts/validation/","P016","known optima/sanity cases deterministic replay and metric checks pass",critical,not_started
P018,baseline_runs,"Run standardized cross-family baselines","artifacts/results/baselines/","P017","planned seeds/budgets complete with failures retained",critical,not_started
P019,stress_tests,"Run targeted dimension modality rotation noise constraint stress tests","artifacts/results/stress/","P018","predeclared stress matrix complete",critical,not_started
P020,failure_frontiers,"Estimate project-validated failure frontiers","artifacts/gap_maps/failure_frontiers/","P019","transition definition uncertainty and replication reported",critical,not_started
P021,gap_validation,"Promote/reject candidate gaps using G0-G5 ladder","gap_registry/validated_gaps.csv","P020;P010","every promoted gap has explicit evidence level",critical,not_started
P022,remedy_audit,"Test established remedies for G4/G5 candidates","artifacts/results/remedies/","P021","closest existing repairs tested fairly before invention",critical,not_started
P023,new_mechanism_gate,"Decide whether a new mechanism is scientifically justified","gap_registry/new_mechanism_decision.md",P022,"decision supported by residual validated gap; 'none required' allowed",high,not_started
P024,ablation,"If justified run parent/component/transplant ablations","artifacts/results/ablations/","P023","parent vs +component and cost controls complete",conditional,blocked
P025,real_world,"Add representative real-world/external validation where justified","artifacts/results/external/","P018;P021","selection rationale and domain limits documented",high,not_started
P026,figures,"Generate all final figures from frozen data","artifacts/figures/","P020;P021","F1-F9 generated or omission justified; no manual result editing",critical,not_started
P027,tables,"Generate all final tables from ledgers/results","artifacts/tables/","P021","T1-T14 generated or omission justified",critical,in_progress
P028,researcher_cards,"Generate decision cards for canonical representatives","artifacts/algorithm_cards/","P011;P012","supported/unsupported regimes comparators gaps visible",high,not_started
P029,reference_audit,"Validate every final bibliographic record","evidence/reference_audit.csv","P004;P010","DOI/title/authors/year/venue resolve and duplicates/retractions checked",critical,not_started
P030,artifact_audit,"Rebuild all publication artifacts from clean checkout","artifacts/manifest.csv","P026;P027;P029","one workflow regenerates checksummed publication artifacts",critical,not_started
P031,evidence_freeze,"Create versioned evidence freeze","publication/EVIDENCE_FREEZE.md",P030,"scope date sources results and checksums frozen",critical,blocked
P032,paper,"Write CSR-first paper","publication/manuscript/","P031","all claims trace to frozen evidence/artifacts",critical,blocked
P033,submission_audit,"Line-by-line claim/reference/figure/table consistency audit","publication/SUBMISSION_AUDIT.md",P032,"zero unresolved critical findings",critical,blocked
