preferred_term,definition,avoid_or_qualify
algorithm identity,"a named algorithm or recognized variant","do not assume identity implies distinct mechanism"
mechanism fingerprint,"normalized representation of computational information use and update structure","DNA is acceptable in figures but define formally"
canonical representative,"historically/theoretically representative method selected for deep analysis","best algorithm"
evidence cell,"algorithm/variant × condition × budget × metric evidence unit","generic performance claim"
documented,"adequate direct evidence exists for the declared cell","proven everywhere"
partial,"evidence exists but coverage/controls/replication are incomplete","weak algorithm"
contradictory,"comparable evidence supports materially different conclusions","random/inconclusive without analysis"
untested,"no adequate evidence identified under the declared protocol","failed"
project-validated,"controlled repository experiment has passed validation","universally validated"
documented limitation,"limitation supported by an identified source under stated conditions","disadvantage without source"
failure frontier,"estimated boundary of a predeclared success criterion across a controlled stress axis","failure point without uncertainty"
structural similarity,"proximity under declared normalized mechanism features and distance function","same algorithm unless identity is established"
structural redundancy,"high mechanism overlap that warrants novelty scrutiny","duplicate/plagiarism"
benchmark exposure,"set of problem properties represented in published evaluations","benchmark quality by count alone"
resolving experiment,"minimal controlled test capable of reducing a declared evidence uncertainty","future work suggestion"
objective-evaluation cost,"number/cost of calls to the objective","runtime"
optimizer overhead,"computation performed by the optimization method apart from objective calls","objective cost"
comparative evidence,"conditioned comparison with controls and uncertainty","ranking"
